997,invoice,muestra_1121
1566,invoice,muestra_3060
1623,invoice,muestra_3111
2691,invoice,muestra_4748
1027,invoice,muestra_1150
547,invoice,304
3413,invoice,muestra_927
2886,invoice,muestra_5022
2295,invoice,muestra_4359
568,invoice,311
2552,invoice,muestra_4622
2580,invoice,muestra_4648
2059,invoice,muestra_4145
3133,invoice,muestra_672
611,invoice,335250952
1593,invoice,muestra_3085
3206,invoice,muestra_739
2887,invoice,muestra_5023
999,invoice,muestra_1123
2907,invoice,muestra_5041
2452,invoice,muestra_4513
581,invoice,318
1936,invoice,muestra_4031
1815,invoice,muestra_3639
2225,invoice,muestra_4296
73,invoice,1240492299
48,invoice,114550308
3089,invoice,muestra_632
1104,invoice,muestra_1355
1429,invoice,muestra_2938
3118,invoice,muestra_659
2742,invoice,muestra_4795
1011,invoice,muestra_1135
1657,invoice,muestra_3142
879,invoice,muestra_1013
1134,invoice,muestra_155
3187,invoice,muestra_721
1377,invoice,muestra_2890
1313,invoice,muestra_261
2418,invoice,muestra_4474
572,invoice,312
3227,invoice,muestra_758
2800,invoice,muestra_490
1114,invoice,muestra_1364
840,invoice,914328934
2138,invoice,muestra_4216
2657,invoice,muestra_4717
1041,invoice,muestra_1163
2456,invoice,muestra_4518
1731,invoice,muestra_35
2516,invoice,muestra_4590
1233,invoice,muestra_2321
2148,invoice,muestra_4225
2084,invoice,muestra_4168
3225,invoice,muestra_756
259,invoice,1887331209
1517,invoice,muestra_3016
1738,invoice,muestra_356
3155,invoice,muestra_693
2525,invoice,muestra_4599
2968,invoice,muestra_522
2717,invoice,muestra_4772
1391,invoice,muestra_2902
3492,invoice,muestra_999
3288,invoice,muestra_812
1200,invoice,muestra_2157
3044,invoice,muestra_591
2981,invoice,muestra_534
949,invoice,muestra_1078
1006,invoice,muestra_1130
2756,invoice,muestra_4807
1655,invoice,muestra_3140
2922,invoice,muestra_5055
2380,invoice,muestra_4437
1745,invoice,muestra_3576
1767,invoice,muestra_3596
839,invoice,911476717
2663,invoice,muestra_4722
2876,invoice,muestra_5013
108,invoice,1349178815
1436,invoice,muestra_2944
1188,invoice,muestra_205
2486,invoice,muestra_4550
318,invoice,2121239963
59,invoice,1181694114
874,invoice,muestra_1009
2251,invoice,muestra_4319
2929,invoice,muestra_5061
1228,invoice,muestra_2317
3405,invoice,muestra_92
816,invoice,84
765,invoice,661943179
1551,invoice,muestra_3047
1226,invoice,muestra_2315
2408,invoice,muestra_4464
1159,invoice,muestra_179
3006,invoice,muestra_557
727,invoice,514092510
3491,invoice,muestra_998
1587,invoice,muestra_308
220,invoice,172
1626,invoice,muestra_3114
582,invoice,319
976,invoice,muestra_1102
952,invoice,muestra_1080
817,invoice,847042969
56,invoice,1173403829
187,invoice,16
2067,invoice,muestra_4152
2287,invoice,muestra_4351
2364,invoice,muestra_4422
2941,invoice,muestra_5072
468,invoice,277
1091,invoice,muestra_133
2341,invoice,muestra_4401
2183,invoice,muestra_4258
226,invoice,175
535,invoice,301
2303,invoice,muestra_4366
3146,invoice,muestra_685
2543,invoice,muestra_4614
1431,invoice,muestra_294
3068,invoice,muestra_613
1983,invoice,muestra_4075
1032,invoice,muestra_1155
2736,invoice,muestra_479
3136,invoice,muestra_676
69,invoice,122738055
734,invoice,54
1606,invoice,muestra_3097
3173,invoice,muestra_709
3061,invoice,muestra_607
376,invoice,237
436,invoice,262112689
2353,invoice,muestra_4412
1536,invoice,muestra_3033
1739,invoice,muestra_357
208,invoice,1661855557
3025,invoice,muestra_574
565,invoice,31
313,invoice,2110054749
601,invoice,328168404
233,invoice,178
2276,invoice,muestra_4341
2831,invoice,muestra_4973
2394,invoice,muestra_445
12,invoice,1029751107
111,invoice,136
3351,invoice,muestra_871
2905,invoice,muestra_504
1938,invoice,muestra_4033
2333,invoice,muestra_4394
1261,invoice,muestra_2347
2582,invoice,muestra_465
472,invoice,279169017
3016,invoice,muestra_566
831,invoice,88
1987,invoice,muestra_4079
2764,invoice,muestra_4814
3169,invoice,muestra_705
1034,invoice,muestra_1157
881,invoice,muestra_1015
1850,invoice,muestra_38
2755,invoice,muestra_4806
3376,invoice,muestra_894
655,invoice,355320416
2475,invoice,muestra_4539
361,invoice,231196243
135,invoice,143
1688,invoice,muestra_3170
2535,invoice,muestra_4607
1977,invoice,muestra_407
2638,invoice,muestra_470
366,invoice,232422324
3485,invoice,muestra_992
2073,invoice,muestra_4158
29,invoice,108
2909,invoice,muestra_5043
22,invoice,1059672250
2513,invoice,muestra_4588
1563,invoice,muestra_3058
1073,invoice,muestra_1192
1221,invoice,muestra_230
695,invoice,40
1340,invoice,muestra_2857
700,invoice,423293482
420,invoice,257
682,invoice,371112486
3446,invoice,muestra_957
460,invoice,273155608
43,invoice,1121319562
87,invoice,1283913603
1378,invoice,muestra_2891
897,invoice,muestra_103
2619,invoice,muestra_4683
561,invoice,308732040
282,invoice,1984903573
1017,invoice,muestra_1141
3100,invoice,muestra_642
2069,invoice,muestra_4154
3314,invoice,muestra_838
2332,invoice,muestra_4393
465,invoice,275695293
964,invoice,muestra_1092
2503,invoice,muestra_4578
859,invoice,996516122
533,invoice,300410172
2840,invoice,muestra_4981
3470,invoice,muestra_979
1236,invoice,muestra_2324
1874,invoice,muestra_3977
2760,invoice,muestra_4810
2784,invoice,muestra_4832
1414,invoice,muestra_2924
2473,invoice,muestra_4536
1132,invoice,muestra_153
3441,invoice,muestra_952
1157,invoice,muestra_177
2238,invoice,muestra_4307
1503,invoice,muestra_3003
903,invoice,muestra_1035
637,invoice,346800568
3291,invoice,muestra_815
1061,invoice,muestra_1181
1545,invoice,muestra_3041
2210,invoice,muestra_4282
2564,invoice,muestra_4633
3357,invoice,muestra_877
1454,invoice,muestra_2960
1849,invoice,muestra_379
1777,invoice,muestra_3604
221,invoice,173
543,invoice,303023251
1660,invoice,muestra_3145
1149,invoice,muestra_17
887,invoice,muestra_1020
2507,invoice,muestra_4582
685,invoice,372596577
2677,invoice,muestra_4735
2671,invoice,muestra_473
2168,invoice,muestra_4243
1423,invoice,muestra_2932
1912,invoice,muestra_401
789,invoice,746120064
3084,invoice,muestra_628
1106,invoice,muestra_1357
1151,invoice,muestra_171
2451,invoice,muestra_4512
2259,invoice,muestra_4326
2921,invoice,muestra_5054
1071,invoice,muestra_1190
2131,invoice,muestra_421
1725,invoice,muestra_344
272,invoice,1951042802
2530,invoice,muestra_4602
521,invoice,296702994
522,invoice,297
3433,invoice,muestra_945
2724,invoice,muestra_4779
1789,invoice,muestra_3615
1270,invoice,muestra_237
2627,invoice,muestra_4690
350,invoice,226786528
1565,invoice,muestra_306
1506,invoice,muestra_3006
3478,invoice,muestra_986
3449,invoice,muestra_96
1242,invoice,muestra_233
2700,invoice,muestra_4756
1456,invoice,muestra_2962
651,invoice,353209726
2906,invoice,muestra_5040
2994,invoice,muestra_546
1128,invoice,muestra_149
3018,invoice,muestra_568
3239,invoice,muestra_769
2476,invoice,muestra_454
2835,invoice,muestra_4977
3256,invoice,muestra_784
1501,invoice,muestra_3001
168,invoice,1536154648
2913,invoice,muestra_5047
2428,invoice,muestra_4487
3243,invoice,muestra_772
1272,invoice,muestra_2381
803,invoice,8
1181,invoice,muestra_2
962,invoice,muestra_1090
945,invoice,muestra_1074
462,invoice,273701593
1406,invoice,muestra_2916
2426,invoice,muestra_4485
3283,invoice,muestra_808
3321,invoice,muestra_844
3052,invoice,muestra_6
2404,invoice,muestra_446
1697,invoice,muestra_319
2608,invoice,muestra_4673
219,invoice,1716204932
367,invoice,232702931
3026,invoice,muestra_575
3421,invoice,muestra_934
549,invoice,304414819
2658,invoice,muestra_4718
2501,invoice,muestra_4576
1842,invoice,muestra_370
351,invoice,226965074
3064,invoice,muestra_61
772,invoice,673345793
2024,invoice,muestra_4112
2234,invoice,muestra_4303
490,invoice,284130255
3132,invoice,muestra_671
2759,invoice,muestra_481
498,invoice,288
3096,invoice,muestra_639
210,invoice,1668953978
2902,invoice,muestra_5037
435,invoice,262
650,invoice,352971436
227,invoice,1750680736
365,invoice,232156387
926,invoice,muestra_1056
1948,invoice,muestra_4042
2071,invoice,muestra_4156
276,invoice,1969798727
2328,invoice,muestra_4389
2551,invoice,muestra_4621
407,invoice,250505079
1135,invoice,muestra_156
3300,invoice,muestra_825
844,invoice,931457243
2618,invoice,muestra_4682
1110,invoice,muestra_1360
1666,invoice,muestra_3150
1192,invoice,muestra_209
1588,invoice,muestra_3080
2374,invoice,muestra_4431
1546,invoice,muestra_3042
1918,invoice,muestra_4015
1255,invoice,muestra_2341
1862,invoice,muestra_390
944,invoice,muestra_1073
199,invoice,1636564976
2833,invoice,muestra_4975
1872,invoice,muestra_3975
801,invoice,79
2110,invoice,muestra_4191
1370,invoice,muestra_2884
1426,invoice,muestra_2935
231,invoice,1766652765
1084,invoice,muestra_127
3180,invoice,muestra_715
1867,invoice,muestra_395
1904,invoice,muestra_4002
1480,invoice,muestra_2984
1600,invoice,muestra_3091
3333,invoice,muestra_855
2003,invoice,muestra_4093
1891,invoice,muestra_3992
104,invoice,1341727901
3305,invoice,muestra_83
1432,invoice,muestra_2940
1064,invoice,muestra_1184
1656,invoice,muestra_3141
1271,invoice,muestra_238
1894,invoice,muestra_3995
1178,invoice,muestra_197
2841,invoice,muestra_4982
2112,invoice,muestra_4193
3488,invoice,muestra_995
1399,invoice,muestra_291
2123,invoice,muestra_4202
1487,invoice,muestra_2990
3409,invoice,muestra_923
1775,invoice,muestra_3602
3397,invoice,muestra_912
3191,invoice,muestra_725
994,invoice,muestra_1119
464,invoice,275395234
1163,invoice,muestra_182
1926,invoice,muestra_4022
2952,invoice,muestra_5083
1756,invoice,muestra_3586
2117,invoice,muestra_4198
2245,invoice,muestra_4313
212,invoice,1679578119
1036,invoice,muestra_1159
3381,invoice,muestra_899
900,invoice,muestra_1032
1289,invoice,muestra_24
1295,invoice,muestra_245
741,invoice,56
3076,invoice,muestra_620
3326,invoice,muestra_849
1766,invoice,muestra_3595
509,invoice,292
597,invoice,32482211
1424,invoice,muestra_2933
981,invoice,muestra_1107
2987,invoice,muestra_54
3080,invoice,muestra_624
518,invoice,294882914
3179,invoice,muestra_714
767,invoice,663946690
2892,invoice,muestra_5028
1954,invoice,muestra_4048
123,invoice,140
1616,invoice,muestra_3105
2398,invoice,muestra_4453
819,invoice,85
100,invoice,1328118042
3077,invoice,muestra_621
3230,invoice,muestra_760
3286,invoice,muestra_810
3058,invoice,muestra_604
1103,invoice,muestra_1354
1929,invoice,muestra_4025
2589,invoice,muestra_4656
2801,invoice,muestra_491
2989,invoice,muestra_541
2711,invoice,muestra_4767
982,invoice,muestra_1108
456,invoice,273
3428,invoice,muestra_940
2493,invoice,muestra_4560
381,invoice,24
3258,invoice,muestra_786
1940,invoice,muestra_4035
2147,invoice,muestra_4224
1010,invoice,muestra_1134
1234,invoice,muestra_2322
2457,invoice,muestra_452
662,invoice,360761910
1455,invoice,muestra_2961
3168,invoice,muestra_704
2626,invoice,muestra_469
2954,invoice,muestra_51
3454,invoice,muestra_964
2670,invoice,muestra_4729
2233,invoice,muestra_4302
845,invoice,931822567
542,invoice,303
1729,invoice,muestra_348
2242,invoice,muestra_4310
2753,invoice,muestra_4804
1102,invoice,muestra_1353
2358,invoice,muestra_4417
1362,invoice,muestra_2877
2212,invoice,muestra_4284
1556,invoice,muestra_3051
2184,invoice,muestra_4259
1374,invoice,muestra_2888
1048,invoice,muestra_117
2494,invoice,muestra_4563
1964,invoice,muestra_4057
2189,invoice,muestra_4263
2470,invoice,muestra_4531
237,invoice,1791002370
1164,invoice,muestra_183
1477,invoice,muestra_2981
1133,invoice,muestra_154
2359,invoice,muestra_4418
2401,invoice,muestra_4456
163,invoice,152
1425,invoice,muestra_2934
252,invoice,1854651402
2763,invoice,muestra_4813
2093,invoice,muestra_4176
930,invoice,muestra_106
1572,invoice,muestra_3066
2459,invoice,muestra_4521
1611,invoice,muestra_3100
2181,invoice,muestra_4256
1263,invoice,muestra_2349
1871,invoice,muestra_3974
3440,invoice,muestra_951
1090,invoice,muestra_132
2793,invoice,muestra_4840
593,invoice,323498628
677,invoice,367943979
41,invoice,1113445670
3277,invoice,muestra_802
1395,invoice,muestra_2906
2155,invoice,muestra_4231
243,invoice,1814128398
1124,invoice,muestra_144
1902,invoice,muestra_4000
1419,invoice,muestra_2929
1210,invoice,muestra_220
261,invoice,1891627724
3123,invoice,muestra_663
834,invoice,9
2702,invoice,muestra_4758
1288,invoice,muestra_2396
1947,invoice,muestra_4041
1615,invoice,muestra_3104
340,invoice,222509726
1491,invoice,muestra_2994
748,invoice,593516320
2130,invoice,muestra_4209
480,invoice,281688346
3008,invoice,muestra_559
2465,invoice,muestra_4527
2289,invoice,muestra_4353
783,invoice,72
3000,invoice,muestra_551
1446,invoice,muestra_2953
3098,invoice,muestra_640
2955,invoice,muestra_510
1864,invoice,muestra_392
2440,invoice,muestra_450
2590,invoice,muestra_4657
1251,invoice,muestra_2338
2313,invoice,muestra_4375
2483,invoice,muestra_4547
2545,invoice,muestra_4616
1554,invoice,muestra_305
1127,invoice,muestra_148
626,invoice,340797236
347,invoice,225953444
2903,invoice,muestra_5038
1675,invoice,muestra_3159
979,invoice,muestra_1105
3013,invoice,muestra_563
1509,invoice,muestra_3009
911,invoice,muestra_1042
2194,invoice,muestra_4268
632,invoice,345130984
2656,invoice,muestra_4716
445,invoice,266770753
617,invoice,337075856
1822,invoice,muestra_3645
2430,invoice,muestra_4489
2574,invoice,muestra_4642
1557,invoice,muestra_3052
2972,invoice,muestra_526
1808,invoice,muestra_3632
2639,invoice,muestra_4700
353,invoice,227960750
1232,invoice,muestra_2320
613,invoice,335752254
2642,invoice,muestra_4703
1334,invoice,muestra_280
2605,invoice,muestra_4670
3070,invoice,muestra_615
2221,invoice,muestra_4292
57,invoice,1174825289
1577,invoice,muestra_3070
2515,invoice,muestra_459
3111,invoice,muestra_652
2918,invoice,muestra_5051
2202,invoice,muestra_4275
2043,invoice,muestra_413
3074,invoice,muestra_619
1475,invoice,muestra_298
1621,invoice,muestra_311
2478,invoice,muestra_4541
560,invoice,308
707,invoice,444244240
2602,invoice,muestra_4668
424,invoice,257697855
1093,invoice,muestra_1345
647,invoice,35
3479,invoice,muestra_987
1830,invoice,muestra_3652
1336,invoice,muestra_282
1005,invoice,muestra_113
620,invoice,338346706
1278,invoice,muestra_2387
1651,invoice,muestra_3137
553,invoice,305679153
1905,invoice,muestra_4003
3346,invoice,muestra_867
3105,invoice,muestra_647
2319,invoice,muestra_4380
998,invoice,muestra_1122
1684,invoice,muestra_3167
1309,invoice,muestra_258
1602,invoice,muestra_3093
3199,invoice,muestra_732
3473,invoice,muestra_981
2077,invoice,muestra_4161
2417,invoice,muestra_4473
440,invoice,263725360
508,invoice,291511899
1100,invoice,muestra_1351
589,invoice,321992149
2542,invoice,muestra_4613
649,invoice,351418299
3186,invoice,muestra_720
2025,invoice,muestra_4113
3368,invoice,muestra_887
1829,invoice,muestra_3651
1647,invoice,muestra_3133
660,invoice,36
630,invoice,344615542
1727,invoice,muestra_346
2010,invoice,muestra_41
3048,invoice,muestra_596
482,invoice,282
1537,invoice,muestra_3034
2986,invoice,muestra_539
2415,invoice,muestra_4471
2441,invoice,muestra_4500
3257,invoice,muestra_785
3374,invoice,muestra_892
856,invoice,987734117
1225,invoice,muestra_2314
1190,invoice,muestra_207
1803,invoice,muestra_3628
530,invoice,30
2346,invoice,muestra_4406
49,invoice,114948333
858,invoice,993548053
1397,invoice,muestra_2908
1072,invoice,muestra_1191
719,invoice,49
1620,invoice,muestra_3109
1764,invoice,muestra_3593
2628,invoice,muestra_4691
1786,invoice,muestra_3612
2009,invoice,muestra_4099
3035,invoice,muestra_583
2583,invoice,muestra_4650
2607,invoice,muestra_4672
1450,invoice,muestra_2957
1950,invoice,muestra_4044
3151,invoice,muestra_69
2411,invoice,muestra_4467
1706,invoice,muestra_327
1366,invoice,muestra_2880
3369,invoice,muestra_888
2505,invoice,muestra_458
1195,invoice,muestra_211
2500,invoice,muestra_4572
3063,invoice,muestra_609
2028,invoice,muestra_4116
297,invoice,203094831
3486,invoice,muestra_993
1264,invoice,muestra_235
1644,invoice,muestra_3130
958,invoice,muestra_1086
2107,invoice,muestra_4189
2179,invoice,muestra_4254
1498,invoice,muestra_30
2115,invoice,muestra_4196
1286,invoice,muestra_2394
349,invoice,226223714
1712,invoice,muestra_332
643,invoice,348466403
1609,invoice,muestra_31
2484,invoice,muestra_4549
669,invoice,363648866
3249,invoice,muestra_778
2864,invoice,muestra_5001
1800,invoice,muestra_3625
1179,invoice,muestra_198
2836,invoice,muestra_4978
3280,invoice,muestra_805
2766,invoice,muestra_4816
1915,invoice,muestra_4012
2078,invoice,muestra_4162
1357,invoice,muestra_2872
786,invoice,725521615
3138,invoice,muestra_678
140,invoice,1443126069
788,invoice,74
323,invoice,2135890763
2375,invoice,muestra_4432
714,invoice,464770715
1811,invoice,muestra_3635
2316,invoice,muestra_4378
2008,invoice,muestra_4098
1614,invoice,muestra_3103
1971,invoice,muestra_4063
3281,invoice,muestra_806
618,invoice,337422260
406,invoice,25
3304,invoice,muestra_829
1783,invoice,muestra_361
1468,invoice,muestra_2973
1569,invoice,muestra_3063
2356,invoice,muestra_4415
497,invoice,287180708
3192,invoice,muestra_726
342,invoice,223
2274,invoice,muestra_434
2648,invoice,muestra_4709
782,invoice,71
1323,invoice,muestra_270
2288,invoice,muestra_4352
3360,invoice,muestra_88
303,invoice,207
2856,invoice,muestra_4996
2495,invoice,muestra_4565
664,invoice,362580400
1177,invoice,muestra_196
1244,invoice,muestra_2331
3425,invoice,muestra_938
1999,invoice,muestra_409
1965,invoice,muestra_4058
2005,invoice,muestra_4095
84,invoice,128
2587,invoice,muestra_4654
941,invoice,muestra_1070
961,invoice,muestra_1089
841,invoice,914956240
1839,invoice,muestra_368
2769,invoice,muestra_4819
3032,invoice,muestra_580
2037,invoice,muestra_4124
1746,invoice,muestra_3577
290,invoice,2004848321
2241,invoice,muestra_431
3218,invoice,muestra_75
604,invoice,33
2383,invoice,muestra_444
916,invoice,muestra_1047
2803,invoice,muestra_493
2673,invoice,muestra_4731
1099,invoice,muestra_1350
1088,invoice,muestra_130
2458,invoice,muestra_4520
1778,invoice,muestra_3605
821,invoice,857380955
1765,invoice,muestra_3594
3296,invoice,muestra_820
2834,invoice,muestra_4976
3022,invoice,muestra_571
1302,invoice,muestra_251
1000,invoice,muestra_1124
2460,invoice,muestra_4522
18,invoice,1045649689
493,invoice,285341432
1125,invoice,muestra_145
1404,invoice,muestra_2914
2714,invoice,muestra_477
1670,invoice,muestra_3154
2676,invoice,muestra_4734
2127,invoice,muestra_4206
1720,invoice,muestra_34
584,invoice,319629433
1963,invoice,muestra_4056
687,invoice,372734930
2751,invoice,muestra_4802
1513,invoice,muestra_3012
3434,invoice,muestra_946
1878,invoice,muestra_3980
1009,invoice,muestra_1133
2813,invoice,muestra_4957
360,invoice,231005060
3356,invoice,muestra_876
3190,invoice,muestra_724
2249,invoice,muestra_4317
1310,invoice,muestra_259
1659,invoice,muestra_3144
1533,invoice,muestra_3030
1721,invoice,muestra_340
2792,invoice,muestra_484
344,invoice,223993521
986,invoice,muestra_1111
1737,invoice,muestra_355
743,invoice,577966558
1826,invoice,muestra_3649
2467,invoice,muestra_4529
113,invoice,1364812106
1437,invoice,muestra_2945
1494,invoice,muestra_2997
1241,invoice,muestra_2329
1142,invoice,muestra_163
2114,invoice,muestra_4195
1216,invoice,muestra_226
1198,invoice,muestra_214
85,invoice,1281634952
2414,invoice,muestra_4470
1381,invoice,muestra_2894
2403,invoice,muestra_4459
668,invoice,363616388
1014,invoice,muestra_1138
128,invoice,1407810736
1364,invoice,muestra_2879
2765,invoice,muestra_4815
1584,invoice,muestra_3077
891,invoice,muestra_1024
2260,invoice,muestra_4327
1359,invoice,muestra_2874
307,invoice,21
383,invoice,240459382
150,invoice,1474623079
1317,invoice,muestra_265
1451,invoice,muestra_2958
3198,invoice,muestra_731
2292,invoice,muestra_4356
426,invoice,258142322
494,invoice,286
1207,invoice,muestra_218
1922,invoice,muestra_4019
2172,invoice,muestra_4247
1208,invoice,muestra_219
2674,invoice,muestra_4732
2828,invoice,muestra_4970
2570,invoice,muestra_4639
3363,invoice,muestra_882
1239,invoice,muestra_2327
2325,invoice,muestra_4386
1788,invoice,muestra_3614
275,invoice,1961036369
489,invoice,284
1667,invoice,muestra_3151
1229,invoice,muestra_2318
690,invoice,38
1812,invoice,muestra_3636
2340,invoice,muestra_4400
1582,invoice,muestra_3075
1642,invoice,muestra_3129
2578,invoice,muestra_4646
3469,invoice,muestra_978
1058,invoice,muestra_1179
118,invoice,1384338416
1024,invoice,muestra_1148
1846,invoice,muestra_375
281,invoice,1983965512
2053,invoice,muestra_414
1316,invoice,muestra_264
2721,invoice,muestra_4776
968,invoice,muestra_1096
1586,invoice,muestra_3079
2540,invoice,muestra_4611
2004,invoice,muestra_4094
619,invoice,338281535
3158,invoice,muestra_696
155,invoice,1498952536
2162,invoice,muestra_4238
304,invoice,208
3318,invoice,muestra_841
2971,invoice,muestra_525
1877,invoice,muestra_398
3489,invoice,muestra_996
2615,invoice,muestra_468
1307,invoice,muestra_256
1886,invoice,muestra_3988
575,invoice,313
2290,invoice,muestra_4354
2996,invoice,muestra_548
3056,invoice,muestra_602
1299,invoice,muestra_249
1951,invoice,muestra_4045
1818,invoice,muestra_3641
3414,invoice,muestra_928
1632,invoice,muestra_312
843,invoice,93
1732,invoice,muestra_350
269,invoice,1943361782
629,invoice,343707034
1033,invoice,muestra_1156
2012,invoice,muestra_4100
286,invoice,20
1326,invoice,muestra_273
2585,invoice,muestra_4652
300,invoice,205
1869,invoice,muestra_397
1447,invoice,muestra_2954
1472,invoice,muestra_2977
2490,invoice,muestra_4557
2170,invoice,muestra_4245
1813,invoice,muestra_3637
65,invoice,121
2594,invoice,muestra_4660
890,invoice,muestra_1023
2046,invoice,muestra_4132
3037,invoice,muestra_585
3041,invoice,muestra_589
1728,invoice,muestra_347
230,invoice,176
503,invoice,29
1671,invoice,muestra_3155
2527,invoice,muestra_460
1525,invoice,muestra_3023
3219,invoice,muestra_750
3215,invoice,muestra_747
1004,invoice,muestra_1129
836,invoice,902829279
2083,invoice,muestra_4167
374,invoice,236
1723,invoice,muestra_342
2471,invoice,muestra_4533
2591,invoice,muestra_4658
939,invoice,muestra_1069
1321,invoice,muestra_269
2425,invoice,muestra_4484
751,invoice,599424673
99,invoice,1324458140
1543,invoice,muestra_304
2421,invoice,muestra_4478
866,invoice,muestra_1001
910,invoice,muestra_1041
2825,invoice,muestra_4968
1575,invoice,muestra_3069
529,invoice,3
1260,invoice,muestra_2346
3436,invoice,muestra_948
636,invoice,345923579
1269,invoice,muestra_236
185,invoice,1599214693
3114,invoice,muestra_655
2029,invoice,muestra_4117
3329,invoice,muestra_851
931,invoice,muestra_1061
1441,invoice,muestra_2949
2885,invoice,muestra_5021
2679,invoice,muestra_4737
1535,invoice,muestra_3032
1921,invoice,muestra_4018
2794,invoice,muestra_485
1273,invoice,muestra_2382
2422,invoice,muestra_448
607,invoice,331768131
1861,invoice,muestra_39
1793,invoice,muestra_3619
151,invoice,1479156730
2095,invoice,muestra_4178
2750,invoice,muestra_4801
1832,invoice,muestra_3654
2246,invoice,muestra_4314
731,invoice,531606366
3004,invoice,muestra_555
2232,invoice,muestra_4301
3178,invoice,muestra_713
23,invoice,106
2935,invoice,muestra_5067
158,invoice,150
861,invoice,997064980
2019,invoice,muestra_4108
902,invoice,muestra_1034
2621,invoice,muestra_4685
1230,invoice,muestra_2319
2850,invoice,muestra_4990
444,invoice,266
3419,invoice,muestra_932
754,invoice,604326460
923,invoice,muestra_1053
3457,invoice,muestra_967
2463,invoice,muestra_4525
311,invoice,2109895132
1375,invoice,muestra_2889
548,invoice,304147782
2335,invoice,muestra_4396
2716,invoice,muestra_4771
2746,invoice,muestra_4799
306,invoice,209
287,invoice,200
694,invoice,4
308,invoice,210
2579,invoice,muestra_4647
2852,invoice,muestra_4992
2228,invoice,muestra_4299
749,invoice,597082510
1590,invoice,muestra_3082
1972,invoice,muestra_4064
1840,invoice,muestra_369
1266,invoice,muestra_2351
1749,invoice,muestra_358
2014,invoice,muestra_4102
908,invoice,muestra_104
1809,invoice,muestra_3633
86,invoice,1281965578
2771,invoice,muestra_4820
1769,invoice,muestra_3598
2899,invoice,muestra_5034
970,invoice,muestra_1098
13,invoice,103
873,invoice,muestra_1008
808,invoice,811534382
3223,invoice,muestra_754
514,invoice,294
2807,invoice,muestra_4951
409,invoice,251033906
3163,invoice,muestra_70
1337,invoice,muestra_283
1413,invoice,muestra_2923
2641,invoice,muestra_4702
3452,invoice,muestra_962
1927,invoice,muestra_4023
1860,invoice,muestra_389
1952,invoice,muestra_4046
382,invoice,240
2111,invoice,muestra_4192
3059,invoice,muestra_605
1691,invoice,muestra_3173
2743,invoice,muestra_4796
3260,invoice,muestra_788
2284,invoice,muestra_4349
2655,invoice,muestra_4715
1393,invoice,muestra_2904
552,invoice,305113803
3245,invoice,muestra_774
222,invoice,1734265343
1382,invoice,muestra_2895
1096,invoice,muestra_1348
3028,invoice,muestra_577
8,invoice,1019073255
2185,invoice,muestra_426
316,invoice,2119445709
1328,invoice,muestra_275
427,invoice,258579115
1847,invoice,muestra_376
105,invoice,1341899683
1907,invoice,muestra_4005
142,invoice,1448399008
121,invoice,139
3226,invoice,muestra_757
2761,invoice,muestra_4811
3335,invoice,muestra_857
1189,invoice,muestra_206
2309,invoice,muestra_4371
3030,invoice,muestra_579
2858,invoice,muestra_4998
1689,invoice,muestra_3171
115,invoice,137
2086,invoice,muestra_417
1747,invoice,muestra_3578
2509,invoice,muestra_4584
3259,invoice,muestra_787
3432,invoice,muestra_944
2367,invoice,muestra_4425
2576,invoice,muestra_4644
672,invoice,365678137
2396,invoice,muestra_4451
2555,invoice,muestra_4625
1109,invoice,muestra_136
2064,invoice,muestra_415
591,invoice,322023455
2016,invoice,muestra_4105
3247,invoice,muestra_776
2377,invoice,muestra_4434
888,invoice,muestra_1021
2223,invoice,muestra_4294
1896,invoice,muestra_3997
1576,invoice,muestra_307
2282,invoice,muestra_4347
1714,invoice,muestra_334
213,invoice,168
778,invoice,70
3054,invoice,muestra_600
1448,invoice,muestra_2955
2166,invoice,muestra_4241
800,invoice,781427005
2884,invoice,muestra_5020
1993,invoice,muestra_4084
2392,invoice,muestra_4448
1567,invoice,muestra_3061
2666,invoice,muestra_4725
3103,invoice,muestra_645
1518,invoice,muestra_3017
2405,invoice,muestra_4460
3159,invoice,muestra_697
1343,invoice,muestra_286
273,invoice,1958434722
71,invoice,123
720,invoice,496997791
1740,invoice,muestra_3571
1087,invoice,muestra_13
394,invoice,244689381
583,invoice,319358199
3379,invoice,muestra_897
2355,invoice,muestra_4414
2550,invoice,muestra_4620
500,invoice,289
2480,invoice,muestra_4543
2597,invoice,muestra_4663
3467,invoice,muestra_976
3194,invoice,muestra_728
3427,invoice,muestra_94
2669,invoice,muestra_4728
1763,invoice,muestra_3592
1259,invoice,muestra_2345
2661,invoice,muestra_4720
2213,invoice,muestra_4285
205,invoice,1655906749
733,invoice,536870422
1176,invoice,muestra_195
526,invoice,299
2748,invoice,muestra_480
1897,invoice,muestra_3998
898,invoice,muestra_1030
377,invoice,238
1559,invoice,muestra_3054
2206,invoice,muestra_4279
3124,invoice,muestra_664
1985,invoice,muestra_4077
386,invoice,242
198,invoice,1635644356
3415,invoice,muestra_929
1709,invoice,muestra_33
1050,invoice,muestra_1171
590,invoice,322
519,invoice,295
2474,invoice,muestra_4537
1628,invoice,muestra_3116
2830,invoice,muestra_4972
3208,invoice,muestra_740
429,invoice,26
1083,invoice,muestra_126
2312,invoice,muestra_4374
1835,invoice,muestra_3657
207,invoice,166
491,invoice,284313219
2683,invoice,muestra_4740
2584,invoice,muestra_4651
3390,invoice,muestra_906
792,invoice,75
2898,invoice,muestra_5033
1186,invoice,muestra_203
1185,invoice,muestra_202
1550,invoice,muestra_3046
3418,invoice,muestra_931
1859,invoice,muestra_388
2606,invoice,muestra_4671
1530,invoice,muestra_3028
1410,invoice,muestra_2920
1476,invoice,muestra_2980
2780,invoice,muestra_4829
1797,invoice,muestra_3622
83,invoice,1273801623
2758,invoice,muestra_4809
2600,invoice,muestra_4666
20,invoice,105
2407,invoice,muestra_4463
1627,invoice,muestra_3115
2567,invoice,muestra_4636
2098,invoice,muestra_4180
1405,invoice,muestra_2915
3126,invoice,muestra_666
1730,invoice,muestra_349
1562,invoice,muestra_3057
3481,invoice,muestra_989
3137,invoice,muestra_677
2330,invoice,muestra_4391
973,invoice,muestra_110
1710,invoice,muestra_330
3251,invoice,muestra_78
2293,invoice,muestra_4357
883,invoice,muestra_1017
1098,invoice,muestra_135
156,invoice,1499975340
2659,invoice,muestra_4719
886,invoice,muestra_102
3490,invoice,muestra_997
2121,invoice,muestra_4200
1512,invoice,muestra_3011
2882,invoice,muestra_5019
3083,invoice,muestra_627
2949,invoice,muestra_5080
2387,invoice,muestra_4443
2020,invoice,muestra_4109
1453,invoice,muestra_296
1505,invoice,muestra_3005
2149,invoice,muestra_4226
3088,invoice,muestra_631
458,invoice,273116838
2304,invoice,muestra_4367
78,invoice,1251397559
3392,invoice,muestra_908
3253,invoice,muestra_781
1056,invoice,muestra_1177
906,invoice,muestra_1038
2104,invoice,muestra_4186
2588,invoice,muestra_4655
3140,invoice,muestra_68
380,invoice,239657585
947,invoice,muestra_1076
3043,invoice,muestra_590
2389,invoice,muestra_4445
2871,invoice,muestra_5008
715,invoice,47
2338,invoice,muestra_44
686,invoice,372710737
2988,invoice,muestra_540
1293,invoice,muestra_243
305,invoice,2082708982
209,invoice,1663827110
2823,invoice,muestra_4966
2595,invoice,muestra_4661
3462,invoice,muestra_971
2226,invoice,muestra_4297
885,invoice,muestra_1019
2144,invoice,muestra_4221
917,invoice,muestra_1048
2624,invoice,muestra_4688
2164,invoice,muestra_424
191,invoice,162
2218,invoice,muestra_429
2381,invoice,muestra_4438
1265,invoice,muestra_2350
483,invoice,282153820
2637,invoice,muestra_47
915,invoice,muestra_1046
3234,invoice,muestra_764
277,invoice,197
988,invoice,muestra_1113
2080,invoice,muestra_4164
1245,invoice,muestra_2332
2140,invoice,muestra_4218
571,invoice,311511912
1435,invoice,muestra_2943
2369,invoice,muestra_4427
993,invoice,muestra_1118
3233,invoice,muestra_763
1925,invoice,muestra_4021
585,invoice,32
3422,invoice,muestra_935
413,invoice,254314686
3484,invoice,muestra_991
1349,invoice,muestra_2865
1007,invoice,muestra_1131
674,invoice,365994306
2186,invoice,muestra_4260
855,invoice,985923279
447,invoice,267510206
1953,invoice,muestra_4047
865,invoice,muestra_1000
2533,invoice,muestra_4605
3371,invoice,muestra_89
3116,invoice,muestra_657
3248,invoice,muestra_777
3177,invoice,muestra_712
2400,invoice,muestra_4455
3384,invoice,muestra_900
2893,invoice,muestra_5029
1247,invoice,muestra_2334
294,invoice,2028803775
1547,invoice,muestra_3043
588,invoice,321525213
1741,invoice,muestra_3572
1281,invoice,muestra_239
1957,invoice,muestra_4050
2891,invoice,muestra_5027
2696,invoice,muestra_4752
3015,invoice,muestra_565
2924,invoice,muestra_5057
1962,invoice,muestra_4055
2634,invoice,muestra_4697
1417,invoice,muestra_2927
425,invoice,258
534,invoice,300577821
1054,invoice,muestra_1175
2645,invoice,muestra_4706
2912,invoice,muestra_5046
1961,invoice,muestra_4054
1770,invoice,muestra_3599
132,invoice,142
6,invoice,1015885424
3102,invoice,muestra_644
421,invoice,257491864
1690,invoice,muestra_3172
3361,invoice,muestra_880
2382,invoice,muestra_4439
1193,invoice,muestra_21
1716,invoice,muestra_336
1368,invoice,muestra_2882
556,invoice,306307807
2966,invoice,muestra_520
2821,invoice,muestra_4964
3156,invoice,muestra_694
3120,invoice,muestra_660
2066,invoice,muestra_4151
570,invoice,311511233
352,invoice,227
91,invoice,13
3131,invoice,muestra_670
2947,invoice,muestra_5079
1170,invoice,muestra_19
2045,invoice,muestra_4131
1285,invoice,muestra_2393
2442,invoice,muestra_4501
2215,invoice,muestra_4287
1882,invoice,muestra_3984
2015,invoice,muestra_4104
1889,invoice,muestra_3990
2548,invoice,muestra_4619
1591,invoice,muestra_3083
3377,invoice,muestra_895
697,invoice,41
3023,invoice,muestra_572
348,invoice,226
2917,invoice,muestra_5050
2732,invoice,muestra_4786
2827,invoice,muestra_497
2536,invoice,muestra_4608
1137,invoice,muestra_159
2244,invoice,muestra_4312
1995,invoice,muestra_4086
1988,invoice,muestra_408
3301,invoice,muestra_826
3285,invoice,muestra_81
1711,invoice,muestra_331
1339,invoice,muestra_2856
2894,invoice,muestra_503
453,invoice,270885319
913,invoice,muestra_1044
2357,invoice,muestra_4416
1199,invoice,muestra_215
1924,invoice,muestra_4020
1274,invoice,muestra_2383
2285,invoice,muestra_435
37,invoice,1107615651
974,invoice,muestra_1100
3229,invoice,muestra_76
983,invoice,muestra_1109
1249,invoice,muestra_2336
2351,invoice,muestra_4410
1418,invoice,muestra_2928
1284,invoice,muestra_2392
1560,invoice,muestra_3055
39,invoice,111
1486,invoice,muestra_299
2240,invoice,muestra_4309
169,invoice,154
1355,invoice,muestra_2870
737,invoice,546443026
2092,invoice,muestra_4175
3145,invoice,muestra_684
1672,invoice,muestra_3156
1564,invoice,muestra_3059
2308,invoice,muestra_4370
634,invoice,345223869
3087,invoice,muestra_630
2318,invoice,muestra_438
1640,invoice,muestra_3127
1290,invoice,muestra_240
2762,invoice,muestra_4812
1380,invoice,muestra_2893
1933,invoice,muestra_4029
579,invoice,316
328,invoice,216
2722,invoice,muestra_4777
2030,invoice,muestra_4118
892,invoice,muestra_1025
1143,invoice,muestra_164
780,invoice,704167531
2810,invoice,muestra_4954
2506,invoice,muestra_4580
159,invoice,1508136004
2,invoice,100
2159,invoice,muestra_4235
2895,invoice,muestra_5030
61,invoice,12
849,invoice,948193985
2416,invoice,muestra_4472
1596,invoice,muestra_3088
1776,invoice,muestra_3603
1913,invoice,muestra_4010
1043,invoice,muestra_1165
1544,invoice,muestra_3040
3480,invoice,muestra_988
53,invoice,1156099242
3365,invoice,muestra_884
1911,invoice,muestra_4009
3042,invoice,muestra_59
824,invoice,861425126
3128,invoice,muestra_668
1389,invoice,muestra_2900
2867,invoice,muestra_5004
2196,invoice,muestra_427
1607,invoice,muestra_3098
1594,invoice,muestra_3086
771,invoice,673227411
1868,invoice,muestra_396
1085,invoice,muestra_128
2802,invoice,muestra_492
1325,invoice,muestra_272
1463,invoice,muestra_2969
806,invoice,81
2154,invoice,muestra_4230
2176,invoice,muestra_4250
2499,invoice,muestra_4571
3431,invoice,muestra_943
963,invoice,muestra_1091
398,invoice,246171096
3274,invoice,muestra_80
704,invoice,433165006
431,invoice,260166461
292,invoice,2016648287
3297,invoice,muestra_822
145,invoice,146
2033,invoice,muestra_4120
2469,invoice,muestra_4530
1165,invoice,muestra_184
2050,invoice,muestra_4136
2685,invoice,muestra_4742
339,invoice,222
2119,invoice,muestra_42
265,invoice,1913066193
3348,invoice,muestra_869
1771,invoice,muestra_36
271,invoice,1945213734
696,invoice,405539520
3460,invoice,muestra_97
244,invoice,1817324822
3278,invoice,muestra_803
476,invoice,280
2032,invoice,muestra_412
2973,invoice,muestra_527
2334,invoice,muestra_4395
813,invoice,821229091
1914,invoice,muestra_4011
2953,invoice,muestra_509
3437,invoice,muestra_949
1804,invoice,muestra_3629
2538,invoice,muestra_461
250,invoice,185
545,invoice,303388430
738,invoice,547398911
310,invoice,2109575609
1131,invoice,muestra_152
1449,invoice,muestra_2956
3463,invoice,muestra_972
15,invoice,1036641786
3069,invoice,muestra_614
2464,invoice,muestra_4526
2817,invoice,muestra_4960
363,invoice,231691857
182,invoice,159
1194,invoice,muestra_210
2171,invoice,muestra_4246
1121,invoice,muestra_141
1182,invoice,muestra_20
2573,invoice,muestra_4641
614,invoice,336340695
1466,invoice,muestra_2971
401,invoice,246803600
934,invoice,muestra_1064
2320,invoice,muestra_4381
2314,invoice,muestra_4376
726,invoice,513305466
826,invoice,870203079
1521,invoice,muestra_302
136,invoice,1434676030
628,invoice,341550493
334,invoice,221
390,invoice,243
2694,invoice,muestra_4750
1817,invoice,muestra_3640
3144,invoice,muestra_683
710,invoice,45
1039,invoice,muestra_1161
2299,invoice,muestra_4362
3024,invoice,muestra_573
1561,invoice,muestra_3056
3213,invoice,muestra_745
2932,invoice,muestra_5064
1112,invoice,muestra_1362
1223,invoice,muestra_2312
2342,invoice,muestra_4402
1508,invoice,muestra_3008
1750,invoice,muestra_3580
3130,invoice,muestra_67
338,invoice,221949031
215,invoice,1693046260
1341,invoice,muestra_2858
3125,invoice,muestra_665
3269,invoice,muestra_796
2271,invoice,muestra_4337
3034,invoice,muestra_582
2372,invoice,muestra_443
101,invoice,133
2517,invoice,muestra_4591
171,invoice,1540612473
107,invoice,1345534750
2462,invoice,muestra_4524
3476,invoice,muestra_984
2575,invoice,muestra_4643
2345,invoice,muestra_4405
2229,invoice,muestra_43
2384,invoice,muestra_4440
3040,invoice,muestra_588
2632,invoice,muestra_4695
2726,invoice,muestra_4780
3263,invoice,muestra_790
1040,invoice,muestra_1162
2120,invoice,muestra_420
1524,invoice,muestra_3022
2982,invoice,muestra_535
481,invoice,281734002
2496,invoice,muestra_4567
2592,invoice,muestra_4659
1762,invoice,muestra_3591
2851,invoice,muestra_4991
2970,invoice,muestra_524
2937,invoice,muestra_5069
2541,invoice,muestra_4612
405,invoice,249
757,invoice,62
3021,invoice,muestra_570
97,invoice,1314972660
1333,invoice,muestra_28
2781,invoice,muestra_483
3228,invoice,muestra_759
2307,invoice,muestra_437
2058,invoice,muestra_4144
2466,invoice,muestra_4528
148,invoice,1470317821
28,invoice,1079939531
2399,invoice,muestra_4454
2310,invoice,muestra_4372
692,invoice,39
1386,invoice,muestra_2899
1845,invoice,muestra_373
2402,invoice,muestra_4457
1599,invoice,muestra_3090
701,invoice,424204312
1708,invoice,muestra_329
454,invoice,271
2040,invoice,muestra_4127
2453,invoice,muestra_4515
609,invoice,332541827
167,invoice,1533282373
730,invoice,53
2526,invoice,muestra_46
3129,invoice,muestra_669
3107,invoice,muestra_649
1622,invoice,muestra_3110
587,invoice,321
1401,invoice,muestra_2911
1700,invoice,muestra_321
3167,invoice,muestra_703
2757,invoice,muestra_4808
1379,invoice,muestra_2892
2089,invoice,muestra_4172
2175,invoice,muestra_425
2529,invoice,muestra_4601
2254,invoice,muestra_4321
3423,invoice,muestra_936
441,invoice,264
2051,invoice,muestra_4137
1301,invoice,muestra_250
2957,invoice,muestra_512
1304,invoice,muestra_253
236,invoice,179
520,invoice,296
735,invoice,544385101
3093,invoice,muestra_636
2106,invoice,muestra_4188
592,invoice,323
1303,invoice,muestra_252
1387,invoice,muestra_29
2279,invoice,muestra_4344
2603,invoice,muestra_4669
3250,invoice,muestra_779
904,invoice,muestra_1036
2962,invoice,muestra_517
1279,invoice,muestra_2388
2795,invoice,muestra_486
3350,invoice,muestra_870
2779,invoice,muestra_4828
2866,invoice,muestra_5003
2772,invoice,muestra_4821
706,invoice,443694674
3078,invoice,muestra_622
745,invoice,59
1939,invoice,muestra_4034
2302,invoice,muestra_4365
513,invoice,293483785
81,invoice,1267544275
1308,invoice,muestra_257
2900,invoice,muestra_5035
914,invoice,muestra_1045
3217,invoice,muestra_749
3442,invoice,muestra_953
774,invoice,69
329,invoice,217
2054,invoice,muestra_4140
2001,invoice,muestra_4091
943,invoice,muestra_1072
822,invoice,858972923
909,invoice,muestra_1040
181,invoice,1582135150
164,invoice,1527832609
1523,invoice,muestra_3021
451,invoice,270199334
1311,invoice,muestra_26
1111,invoice,muestra_1361
2897,invoice,muestra_5032
1287,invoice,muestra_2395
327,invoice,215630375
1790,invoice,muestra_3616
3095,invoice,muestra_638
2007,invoice,muestra_4097
1858,invoice,muestra_387
312,invoice,211
832,invoice,89
1201,invoice,muestra_2158
2699,invoice,muestra_4755
3189,invoice,muestra_723
2134,invoice,muestra_4212
2209,invoice,muestra_4281
2708,invoice,muestra_4764
1481,invoice,muestra_2985
777,invoice,7
799,invoice,78
54,invoice,116
1920,invoice,muestra_4017
3011,invoice,muestra_561
2522,invoice,muestra_4596
1701,invoice,muestra_322
2161,invoice,muestra_4237
3271,invoice,muestra_798
987,invoice,muestra_1112
3204,invoice,muestra_737
1394,invoice,muestra_2905
768,invoice,667090454
3487,invoice,muestra_994
285,invoice,2
3075,invoice,muestra_62
428,invoice,259
2079,invoice,muestra_4163
722,invoice,50
951,invoice,muestra_108
2262,invoice,muestra_4329
989,invoice,muestra_1114
3254,invoice,muestra_782
2514,invoice,muestra_4589
326,invoice,215
1383,invoice,muestra_2896
1724,invoice,muestra_343
1086,invoice,muestra_129
341,invoice,222961142
147,invoice,147
2725,invoice,muestra_478
1107,invoice,muestra_1358
848,invoice,94464077
966,invoice,muestra_1094
2865,invoice,muestra_5002
2203,invoice,muestra_4276
661,invoice,360385482
1002,invoice,muestra_1126
2727,invoice,muestra_4781
2928,invoice,muestra_5060
2730,invoice,muestra_4784
3094,invoice,muestra_637
1879,invoice,muestra_3981
3282,invoice,muestra_807
1203,invoice,muestra_216
1990,invoice,muestra_4081
24,invoice,1065053662
3275,invoice,muestra_800
2370,invoice,muestra_4428
2431,invoice,muestra_449
2684,invoice,muestra_4741
875,invoice,muestra_101
3139,invoice,muestra_679
938,invoice,muestra_1068
2915,invoice,muestra_5049
3458,invoice,muestra_968
385,invoice,241686673
2678,invoice,muestra_4736
2916,invoice,muestra_505
2958,invoice,muestra_513
2291,invoice,muestra_4355
2443,invoice,muestra_4504
936,invoice,muestra_1066
3448,invoice,muestra_959
2360,invoice,muestra_4419
3404,invoice,muestra_919
1332,invoice,muestra_279
1934,invoice,muestra_403
935,invoice,muestra_1065
566,invoice,310
1854,invoice,muestra_383
2822,invoice,muestra_4965
1645,invoice,muestra_3131
2481,invoice,muestra_4544
1792,invoice,muestra_3618
1430,invoice,muestra_2939
2706,invoice,muestra_4762
1013,invoice,muestra_1137
1928,invoice,muestra_4024
2629,invoice,muestra_4692
126,invoice,1406101374
2682,invoice,muestra_474
1347,invoice,muestra_2863
355,invoice,228624051
827,invoice,870686745
1639,invoice,muestra_3126
984,invoice,muestra_111
2188,invoice,muestra_4262
2969,invoice,muestra_523
362,invoice,231492175
2349,invoice,muestra_4409
345,invoice,224
2409,invoice,muestra_4465
2960,invoice,muestra_515
711,invoice,453547666
2412,invoice,muestra_4468
10,invoice,1027594219
3224,invoice,muestra_755
2116,invoice,muestra_4197
1834,invoice,muestra_3656
793,invoice,757936508
3222,invoice,muestra_753
94,invoice,131
129,invoice,1408659242
2371,invoice,muestra_4429
3181,invoice,muestra_716
3382,invoice,muestra_9
2263,invoice,muestra_433
1900,invoice,muestra_40
2560,invoice,muestra_463
2787,invoice,muestra_4835
1932,invoice,muestra_4028
2512,invoice,muestra_4587
1865,invoice,muestra_393
1658,invoice,muestra_3143
516,invoice,294172084
1857,invoice,muestra_386
2243,invoice,muestra_4311
1277,invoice,muestra_2386
3367,invoice,muestra_886
950,invoice,muestra_1079
1120,invoice,muestra_140
2204,invoice,muestra_4277
419,invoice,256584765
922,invoice,muestra_1052
3325,invoice,muestra_848
477,invoice,280258440
2035,invoice,muestra_4122
2547,invoice,muestra_4618
1692,invoice,muestra_3174
2586,invoice,muestra_4653
1471,invoice,muestra_2976
1202,invoice,muestra_2159
1669,invoice,muestra_3153
3235,invoice,muestra_765
1970,invoice,muestra_4062
2151,invoice,muestra_4228
820,invoice,851680782
1997,invoice,muestra_4088
3338,invoice,muestra_86
1248,invoice,muestra_2335
3474,invoice,muestra_982
3101,invoice,muestra_643
2190,invoice,muestra_4264
3045,invoice,muestra_592
1046,invoice,muestra_1168
1888,invoice,muestra_399
615,invoice,336652374
1318,invoice,muestra_266
3358,invoice,muestra_878
3395,invoice,muestra_910
3408,invoice,muestra_922
2136,invoice,muestra_4214
2860,invoice,muestra_5
1772,invoice,muestra_360
3435,invoice,muestra_947
131,invoice,141289985
77,invoice,125
2052,invoice,muestra_4138
724,invoice,505666656
1314,invoice,muestra_262
1851,invoice,muestra_380
3401,invoice,muestra_916
3287,invoice,muestra_811
2890,invoice,muestra_5026
1372,invoice,muestra_2886
1855,invoice,muestra_384
1319,invoice,muestra_267
3345,invoice,muestra_866
3153,invoice,muestra_691
375,invoice,236443523
1908,invoice,muestra_4006
333,invoice,220
2633,invoice,muestra_4696
2686,invoice,muestra_4743
2365,invoice,muestra_4423
1604,invoice,muestra_3095
1118,invoice,muestra_139
3293,invoice,muestra_817
1943,invoice,muestra_4038
2643,invoice,muestra_4704
2376,invoice,muestra_4433
2933,invoice,muestra_5065
1342,invoice,muestra_2859
320,invoice,213
1619,invoice,muestra_3108
2844,invoice,muestra_4985
2060,invoice,muestra_4146
2219,invoice,muestra_4290
1673,invoice,muestra_3157
1942,invoice,muestra_4037
260,invoice,189
2740,invoice,muestra_4793
2039,invoice,muestra_4126
689,invoice,376046891
901,invoice,muestra_1033
2306,invoice,muestra_4369
2026,invoice,muestra_4114
138,invoice,144
1917,invoice,muestra_4014
1828,invoice,muestra_3650
1573,invoice,muestra_3067
319,invoice,2124650870
653,invoice,354351061
2137,invoice,muestra_4215
2707,invoice,muestra_4763
558,invoice,307
2187,invoice,muestra_4261
112,invoice,1361125757
531,invoice,300
224,invoice,174
723,invoice,50407480
3430,invoice,muestra_942
2993,invoice,muestra_545
1433,invoice,muestra_2941
2373,invoice,muestra_4430
2715,invoice,muestra_4770
2789,invoice,muestra_4837
1458,invoice,muestra_2964
3147,invoice,muestra_686
846,invoice,938131623
193,invoice,1629193199
1464,invoice,muestra_297
946,invoice,muestra_1075
2021,invoice,muestra_411
1629,invoice,muestra_3117
117,invoice,1381295294
645,invoice,348830286
1870,invoice,muestra_3973
3,invoice,1004882178
74,invoice,1242998056
1755,invoice,muestra_3585
467,invoice,276
5,invoice,1014601952
1246,invoice,muestra_2333
919,invoice,muestra_105
228,invoice,1751304584
1063,invoice,muestra_1183
242,invoice,1809890979
2662,invoice,muestra_4721
1160,invoice,muestra_18
2925,invoice,muestra_5058
2611,invoice,muestra_4676
1526,invoice,muestra_3024
1605,invoice,muestra_3096
3246,invoice,muestra_775
3466,invoice,muestra_975
2713,invoice,muestra_4769
2963,invoice,muestra_518
1989,invoice,muestra_4080
2934,invoice,muestra_5066
2362,invoice,muestra_4420
1975,invoice,muestra_4068
1761,invoice,muestra_3590
1305,invoice,muestra_254
1541,invoice,muestra_3038
2472,invoice,muestra_4535
622,invoice,338805134
2698,invoice,muestra_4754
1493,invoice,muestra_2996
110,invoice,1358506542
2275,invoice,muestra_4340
2646,invoice,muestra_4707
1169,invoice,muestra_189
2861,invoice,muestra_50
232,invoice,177
66,invoice,122
3154,invoice,muestra_692
2072,invoice,muestra_4157
2192,invoice,muestra_4266
536,invoice,301086537
125,invoice,1405347120
2133,invoice,muestra_4211
1254,invoice,muestra_2340
3439,invoice,muestra_950
1976,invoice,muestra_4069
2862,invoice,muestra_500
2712,invoice,muestra_4768
2075,invoice,muestra_416
484,invoice,282375225
1654,invoice,muestra_314
3117,invoice,muestra_658
2647,invoice,muestra_4708
2798,invoice,muestra_489
1774,invoice,muestra_3601
2410,invoice,muestra_4466
918,invoice,muestra_1049
1646,invoice,muestra_3132
1026,invoice,muestra_115
1030,invoice,muestra_1153
882,invoice,muestra_1016
1335,invoice,muestra_281
2596,invoice,muestra_4662
364,invoice,232
2125,invoice,muestra_4204
27,invoice,1073784256
473,invoice,279254417
525,invoice,298324001
725,invoice,51
55,invoice,117
638,invoice,347190476
302,invoice,206
3039,invoice,muestra_587
1276,invoice,muestra_2385
3071,invoice,muestra_616
624,invoice,34
2055,invoice,muestra_4141
1280,invoice,muestra_2389
1049,invoice,muestra_1170
336,invoice,221316700
47,invoice,1142601869
106,invoice,1342640722
2397,invoice,muestra_4452
1079,invoice,muestra_122
2286,invoice,muestra_4350
2261,invoice,muestra_4328
1144,invoice,muestra_165
2778,invoice,muestra_4827
2296,invoice,muestra_436
1836,invoice,muestra_3658
1753,invoice,muestra_3583
1101,invoice,muestra_1352
1968,invoice,muestra_4060
2653,invoice,muestra_4713
3196,invoice,muestra_73
523,invoice,297754086
2280,invoice,muestra_4345
1428,invoice,muestra_2937
2581,invoice,muestra_4649
3038,invoice,muestra_586
603,invoice,329152966
1489,invoice,muestra_2992
2938,invoice,muestra_507
60,invoice,119
3203,invoice,muestra_736
671,invoice,365628841
92,invoice,130
666,invoice,363333586
1887,invoice,muestra_3989
280,invoice,198
1719,invoice,muestra_339
359,invoice,230678718
899,invoice,muestra_1031
1935,invoice,muestra_4030
1994,invoice,muestra_4085
2697,invoice,muestra_4753
760,invoice,638975560
2158,invoice,muestra_4234
3055,invoice,muestra_601
42,invoice,112
2173,invoice,muestra_4248
204,invoice,1655099600
1473,invoice,muestra_2978
2100,invoice,muestra_4182
2593,invoice,muestra_466
68,invoice,1224893958
1875,invoice,muestra_3978
2770,invoice,muestra_482
2231,invoice,muestra_4300
137,invoice,1435755078
796,invoice,766562555
2180,invoice,muestra_4255
2128,invoice,muestra_4207
758,invoice,624250241
541,invoice,302926824
1019,invoice,muestra_1143
2672,invoice,muestra_4730
165,invoice,153
248,invoice,184
1331,invoice,muestra_278
2017,invoice,muestra_4106
446,invoice,267
2482,invoice,muestra_4546
1358,invoice,muestra_2873
2145,invoice,muestra_4222
1329,invoice,muestra_276
3388,invoice,muestra_904
2150,invoice,muestra_4227
434,invoice,261937667
2122,invoice,muestra_4201
577,invoice,314
2783,invoice,muestra_4831
3195,invoice,muestra_729
2448,invoice,muestra_451
1848,invoice,muestra_378
762,invoice,647980010
388,invoice,242871083
235,invoice,1788387203
3036,invoice,muestra_584
1984,invoice,muestra_4076
267,invoice,1923542093
770,invoice,67
2165,invoice,muestra_4240
437,invoice,262378451
673,invoice,365765116
249,invoice,184245167
2201,invoice,muestra_4274
1574,invoice,muestra_3068
2142,invoice,muestra_422
2081,invoice,muestra_4165
3050,invoice,muestra_598
2991,invoice,muestra_543
3193,invoice,muestra_727
448,invoice,269
1469,invoice,muestra_2974
716,invoice,477187653
2791,invoice,muestra_4839
3046,invoice,muestra_593
2048,invoice,muestra_4134
1901,invoice,muestra_400
3459,invoice,muestra_969
1168,invoice,muestra_188
82,invoice,127
2819,invoice,muestra_4962
1460,invoice,muestra_2966
1893,invoice,muestra_3994
1668,invoice,muestra_3152
2000,invoice,muestra_4090
475,invoice,28
517,invoice,294874295
404,invoice,248
384,invoice,241
2829,invoice,muestra_4971
2152,invoice,muestra_4229
1633,invoice,muestra_3120
3328,invoice,muestra_850
688,invoice,372991030
1240,invoice,muestra_2328
62,invoice,120
852,invoice,962244811
3205,invoice,muestra_738
2880,invoice,muestra_5017
1262,invoice,muestra_2348
223,invoice,1738131271
2193,invoice,muestra_4267
373,invoice,235809149
1824,invoice,muestra_3647
2951,invoice,muestra_5082
3340,invoice,muestra_861
3027,invoice,muestra_576
3127,invoice,muestra_667
9,invoice,102
2497,invoice,muestra_4569
1944,invoice,muestra_4039
1838,invoice,muestra_367
708,invoice,445208748
255,invoice,187
1617,invoice,muestra_3106
389,invoice,242933384
1581,invoice,muestra_3074
924,invoice,muestra_1054
2508,invoice,muestra_4583
2036,invoice,muestra_4123
3317,invoice,muestra_840
1224,invoice,muestra_2313
2549,invoice,muestra_462
1946,invoice,muestra_4040
739,invoice,55
40,invoice,1110437975
868,invoice,muestra_1003
539,invoice,302655338
2745,invoice,muestra_4798
3207,invoice,muestra_74
2723,invoice,muestra_4778
1371,invoice,muestra_2885
1145,invoice,muestra_166
1031,invoice,muestra_1154
372,invoice,235502355
667,invoice,363357513
357,invoice,23
967,invoice,muestra_1095
1353,invoice,muestra_2869
1035,invoice,muestra_1158
470,invoice,278176261
3020,invoice,muestra_57
1396,invoice,muestra_2907
3053,invoice,muestra_60
1549,invoice,muestra_3045
1256,invoice,muestra_2342
2094,invoice,muestra_4177
1555,invoice,muestra_3050
3014,invoice,muestra_564
1250,invoice,muestra_2337
1699,invoice,muestra_320
1252,invoice,muestra_2339
3315,invoice,muestra_839
79,invoice,126
1172,invoice,muestra_191
814,invoice,83
1852,invoice,muestra_381
2220,invoice,muestra_4291
2719,invoice,muestra_4774
3185,invoice,muestra_72
2105,invoice,muestra_4187
133,invoice,1420095094
1140,invoice,muestra_161
933,invoice,muestra_1063
928,invoice,muestra_1058
823,invoice,86
1531,invoice,muestra_3029
1214,invoice,muestra_224
504,invoice,290
3451,invoice,muestra_961
2395,invoice,muestra_4450
1996,invoice,muestra_4087
2434,invoice,muestra_4494
1958,invoice,muestra_4051
1384,invoice,muestra_2897
894,invoice,muestra_1027
828,invoice,872113997
3398,invoice,muestra_913
2523,invoice,muestra_4597
1683,invoice,muestra_3166
2998,invoice,muestra_55
2978,invoice,muestra_531
2923,invoice,muestra_5056
652,invoice,354332285
172,invoice,154284678
38,invoice,1108810105
3330,invoice,muestra_852
713,invoice,46
90,invoice,1299562689
3438,invoice,muestra_95
1205,invoice,muestra_2161
2877,invoice,muestra_5014
3010,invoice,muestra_560
1827,invoice,muestra_365
1155,invoice,muestra_175
1324,invoice,muestra_271
216,invoice,17
510,invoice,292146281
1680,invoice,muestra_3163
499,invoice,288299009
2883,invoice,muestra_502
1856,invoice,muestra_385
1388,invoice,muestra_290
1519,invoice,muestra_3018
2386,invoice,muestra_4442
3183,invoice,muestra_718
2076,invoice,muestra_4160
1540,invoice,muestra_3037
1217,invoice,muestra_227
2681,invoice,muestra_4739
1416,invoice,muestra_2926
2217,invoice,muestra_4289
2930,invoice,muestra_5062
1676,invoice,muestra_316
1197,invoice,muestra_213
1542,invoice,muestra_3039
2539,invoice,muestra_4610
953,invoice,muestra_1081
2635,invoice,muestra_4698
750,invoice,597197452
2705,invoice,muestra_4760
234,invoice,1784340824
732,invoice,532059622
3483,invoice,muestra_990
1156,invoice,muestra_176
2997,invoice,muestra_549
2445,invoice,muestra_4506
1209,invoice,muestra_22
1065,invoice,muestra_1185
2156,invoice,muestra_4232
1062,invoice,muestra_1182
2616,invoice,muestra_4680
1167,invoice,muestra_186
1492,invoice,muestra_2995
2878,invoice,muestra_5015
884,invoice,muestra_1018
143,invoice,145
3424,invoice,muestra_937
850,invoice,95
2782,invoice,muestra_4830
717,invoice,48
3308,invoice,muestra_832
2502,invoice,muestra_4577
264,invoice,191
75,invoice,1246219901
2492,invoice,muestra_456
395,invoice,245
2964,invoice,muestra_519
2224,invoice,muestra_4295
3261,invoice,muestra_789
396,invoice,245233120
1365,invoice,muestra_288
2984,invoice,muestra_537
1903,invoice,muestra_4001
595,invoice,324085917
2109,invoice,muestra_4190
1296,invoice,muestra_246
1821,invoice,muestra_3644
872,invoice,muestra_1007
3389,invoice,muestra_905
2326,invoice,muestra_4387
1548,invoice,muestra_3044
36,invoice,110594474
2710,invoice,muestra_4766
2940,invoice,muestra_5071
2143,invoice,muestra_4220
3212,invoice,muestra_744
977,invoice,muestra_1103
1571,invoice,muestra_3065
1122,invoice,muestra_142
2786,invoice,muestra_4834
2239,invoice,muestra_4308
2504,invoice,muestra_4579
1892,invoice,muestra_3993
675,invoice,367560101
2808,invoice,muestra_4952
728,invoice,519715959
412,invoice,254
1516,invoice,muestra_3015
1649,invoice,muestra_3135
825,invoice,87
616,invoice,336803973
114,invoice,1368139587
417,invoice,255827108
1625,invoice,muestra_3113
2652,invoice,muestra_4712
3420,invoice,muestra_933
89,invoice,1293883173
2896,invoice,muestra_5031
3049,invoice,muestra_597
2082,invoice,muestra_4166
753,invoice,60
2546,invoice,muestra_4617
1630,invoice,muestra_3118
11,invoice,1027898159
2444,invoice,muestra_4505
284,invoice,199
1066,invoice,muestra_1186
1191,invoice,muestra_208
1440,invoice,muestra_2948
3266,invoice,muestra_793
3264,invoice,muestra_791
2738,invoice,muestra_4791
3309,invoice,muestra_833
1568,invoice,muestra_3062
2427,invoice,muestra_4486
2737,invoice,muestra_4790
3001,invoice,muestra_552
1687,invoice,muestra_317
851,invoice,96
2207,invoice,muestra_428
895,invoice,muestra_1028
496,invoice,287015623
2305,invoice,muestra_4368
1782,invoice,muestra_3609
335,invoice,221110955
2839,invoice,muestra_4980
515,invoice,294111284
1348,invoice,muestra_2864
1015,invoice,muestra_1139
2816,invoice,muestra_496
3273,invoice,muestra_8
3268,invoice,muestra_795
2809,invoice,muestra_4953
2995,invoice,muestra_547
1781,invoice,muestra_3608
2569,invoice,muestra_4638
1785,invoice,muestra_3611
2070,invoice,muestra_4155
356,invoice,229
3320,invoice,muestra_843
1312,invoice,muestra_260
1635,invoice,muestra_3122
550,invoice,304595615
2388,invoice,muestra_4444
2479,invoice,muestra_4542
2521,invoice,muestra_4595
2265,invoice,muestra_4331
2959,invoice,muestra_514
1227,invoice,muestra_2316
3122,invoice,muestra_662
957,invoice,muestra_1085
1773,invoice,muestra_3600
2141,invoice,muestra_4219
1008,invoice,muestra_1132
1092,invoice,muestra_134
3115,invoice,muestra_656
2744,invoice,muestra_4797
996,invoice,muestra_1120
1679,invoice,muestra_3162
153,invoice,148
3244,invoice,muestra_773
2908,invoice,muestra_5042
2837,invoice,muestra_4979
580,invoice,317
1470,invoice,muestra_2975
703,invoice,430741076
1212,invoice,muestra_222
896,invoice,muestra_1029
487,invoice,283
559,invoice,307676119
1141,invoice,muestra_162
1119,invoice,muestra_14
2849,invoice,muestra_499
512,invoice,293175824
633,invoice,345131210
3081,invoice,muestra_625
1664,invoice,muestra_3149
1012,invoice,muestra_1136
1931,invoice,muestra_4027
1150,invoice,muestra_170
2838,invoice,muestra_498
3270,invoice,muestra_797
116,invoice,138
740,invoice,556850099
3220,invoice,muestra_751
1974,invoice,muestra_4066
1081,invoice,muestra_124
1810,invoice,muestra_3634
830,invoice,879816563
119,invoice,1387066626
656,invoice,356061325
3182,invoice,muestra_717
3135,invoice,muestra_675
3411,invoice,muestra_925
635,invoice,345646686
369,invoice,234
268,invoice,193
2703,invoice,muestra_4759
2983,invoice,muestra_536
2870,invoice,muestra_5007
2914,invoice,muestra_5048
46,invoice,114
3236,invoice,muestra_766
991,invoice,muestra_1116
876,invoice,muestra_1010
773,invoice,68
1219,invoice,muestra_229
1126,invoice,muestra_146
4,invoice,101
1595,invoice,muestra_3087
2311,invoice,muestra_4373
3343,invoice,muestra_864
2491,invoice,muestra_4559
1077,invoice,muestra_120
837,invoice,904778418
681,invoice,371028882
1715,invoice,muestra_335
2352,invoice,muestra_4411
2617,invoice,muestra_4681
2361,invoice,muestra_442
2197,invoice,muestra_4270
1148,invoice,muestra_169
574,invoice,312993345
50,invoice,115
853,invoice,97
1982,invoice,muestra_4074
2774,invoice,muestra_4823
1823,invoice,muestra_3646
833,invoice,89720322
1115,invoice,muestra_1365
1166,invoice,muestra_185
2518,invoice,muestra_4592
1906,invoice,muestra_4004
971,invoice,muestra_1099
2701,invoice,muestra_4757
399,invoice,246620039
2559,invoice,muestra_4629
2368,invoice,muestra_4426
19,invoice,104948274
684,invoice,371654475
35,invoice,110
2950,invoice,muestra_5081
3294,invoice,muestra_819
2875,invoice,muestra_5011
524,invoice,298
2455,invoice,muestra_4517
920,invoice,muestra_1050
1841,invoice,muestra_37
1890,invoice,muestra_3991
537,invoice,302
2806,invoice,muestra_4950
1705,invoice,muestra_326
3410,invoice,muestra_924
245,invoice,182
784,invoice,723687315
1409,invoice,muestra_292
2537,invoice,muestra_4609
154,invoice,149
3009,invoice,muestra_56
1686,invoice,muestra_3169
2901,invoice,muestra_5036
625,invoice,340085693
2733,invoice,muestra_4787
3347,invoice,muestra_868
1346,invoice,muestra_2862
569,invoice,311402595
3412,invoice,muestra_926
1758,invoice,muestra_3588
1816,invoice,muestra_364
2065,invoice,muestra_4150
127,invoice,1407528463
3465,invoice,muestra_974
2006,invoice,muestra_4096
2975,invoice,muestra_529
980,invoice,muestra_1106
3461,invoice,muestra_970
190,invoice,161635047
1139,invoice,muestra_160
992,invoice,muestra_1117
699,invoice,42
606,invoice,331618068
180,invoice,158001678
301,invoice,2059236519
2544,invoice,muestra_4615
3237,invoice,muestra_767
1060,invoice,muestra_1180
3284,invoice,muestra_809
3349,invoice,muestra_87
2565,invoice,muestra_4634
1069,invoice,muestra_1189
2524,invoice,muestra_4598
2205,invoice,muestra_4278
1243,invoice,muestra_2330
16,invoice,104
3468,invoice,muestra_977
546,invoice,303772666
658,invoice,356586964
3150,invoice,muestra_689
3067,invoice,muestra_612
3188,invoice,muestra_722
1504,invoice,muestra_3004
959,invoice,muestra_1087
2926,invoice,muestra_5059
2331,invoice,muestra_4392
797,invoice,766635313
225,invoice,1748052685
2074,invoice,muestra_4159
1799,invoice,muestra_3624
2485,invoice,muestra_455
3447,invoice,muestra_958
2277,invoice,muestra_4342
2085,invoice,muestra_4169
1693,invoice,muestra_3175
2797,invoice,muestra_488
1045,invoice,muestra_1167
469,invoice,278
954,invoice,muestra_1082
3464,invoice,muestra_973
2735,invoice,muestra_4789
3355,invoice,muestra_875
639,invoice,347247942
3240,invoice,muestra_77
1218,invoice,muestra_228
1158,invoice,muestra_178
1415,invoice,muestra_2925
3161,invoice,muestra_699
1527,invoice,muestra_3025
3400,invoice,muestra_915
1300,invoice,muestra_25
3336,invoice,muestra_858
2848,invoice,muestra_4989
1603,invoice,muestra_3094
160,invoice,1509797608
1704,invoice,muestra_325
956,invoice,muestra_1084
2869,invoice,muestra_5006
3393,invoice,muestra_909
877,invoice,muestra_1011
1919,invoice,muestra_4016
2961,invoice,muestra_516
1884,invoice,muestra_3986
2200,invoice,muestra_4273
98,invoice,132
3292,invoice,muestra_816
2557,invoice,muestra_4627
253,invoice,186
103,invoice,134
1445,invoice,muestra_2952
1443,invoice,muestra_2950
1648,invoice,muestra_3134
586,invoice,320
627,invoice,341117431
1696,invoice,muestra_318
2101,invoice,muestra_4183
2199,invoice,muestra_4272
403,invoice,247439962
1154,invoice,muestra_174
2255,invoice,muestra_4322
2863,invoice,muestra_5000
1682,invoice,muestra_3165
3170,invoice,muestra_706
2056,invoice,muestra_4142
3062,invoice,muestra_608
3311,invoice,muestra_835
3108,invoice,muestra_65
452,invoice,270806260
2301,invoice,muestra_4364
1327,invoice,muestra_274
2944,invoice,muestra_5076
2049,invoice,muestra_4135
880,invoice,muestra_1014
3396,invoice,muestra_911
623,invoice,339988161
2393,invoice,muestra_4449
3231,invoice,muestra_761
1787,invoice,muestra_3613
262,invoice,19
1634,invoice,muestra_3121
1438,invoice,muestra_2946
2198,invoice,muestra_4271
1969,invoice,muestra_4061
2520,invoice,muestra_4594
1802,invoice,muestra_3627
640,invoice,347600299
3477,invoice,muestra_985
2385,invoice,muestra_4441
2598,invoice,muestra_4664
3295,invoice,muestra_82
1959,invoice,muestra_4052
2976,invoice,muestra_53
488,invoice,283429223
1843,invoice,muestra_371
1734,invoice,muestra_352
2911,invoice,muestra_5045
146,invoice,1462941146
1534,invoice,muestra_3031
1986,invoice,muestra_4078
1369,invoice,muestra_2883
2450,invoice,muestra_4511
3416,invoice,muestra_93
3002,invoice,muestra_553
2811,invoice,muestra_4955
659,invoice,358227023
1794,invoice,muestra_362
2511,invoice,muestra_4586
186,invoice,1599687717
1147,invoice,muestra_168
608,invoice,332280331
2191,invoice,muestra_4265
2799,invoice,muestra_49
1930,invoice,muestra_4026
3029,invoice,muestra_578
197,invoice,1631387941
2931,invoice,muestra_5063
2327,invoice,muestra_4388
293,invoice,202
766,invoice,663184466
400,invoice,246718941
122,invoice,14
202,invoice,164848951
835,invoice,90
2294,invoice,muestra_4358
1439,invoice,muestra_2947
1733,invoice,muestra_351
1695,invoice,muestra_3178
3407,invoice,muestra_921
1707,invoice,muestra_328
3391,invoice,muestra_907
1153,invoice,muestra_173
1661,invoice,muestra_3146
2432,invoice,muestra_4490
1759,invoice,muestra_3589
854,invoice,98
1589,invoice,muestra_3081
2267,invoice,muestra_4333
641,invoice,348208446
1,invoice,10
2160,invoice,muestra_4236
698,invoice,410087988
3429,invoice,muestra_941
2999,invoice,muestra_550
1636,invoice,muestra_3123
3184,invoice,muestra_719
1291,invoice,muestra_241
3324,invoice,muestra_847
2489,invoice,muestra_4556
1520,invoice,muestra_3019
1853,invoice,muestra_382
1136,invoice,muestra_157
3375,invoice,muestra_893
1631,invoice,muestra_3119
1998,invoice,muestra_4089
663,invoice,361264612
683,invoice,371481987
1257,invoice,muestra_2343
317,invoice,212
648,invoice,350347469
1434,invoice,muestra_2942
1479,invoice,muestra_2983
709,invoice,447354651
1282,invoice,muestra_2390
1768,invoice,muestra_3597
972,invoice,muestra_11
2675,invoice,muestra_4733
2680,invoice,muestra_4738
1306,invoice,muestra_255
1400,invoice,muestra_2910
1408,invoice,muestra_2919
2237,invoice,muestra_4306
1496,invoice,muestra_2999
2038,invoice,muestra_4125
1529,invoice,muestra_3027
1663,invoice,muestra_3148
1354,invoice,muestra_287
3403,invoice,muestra_918
3426,invoice,muestra_939
1643,invoice,muestra_313
1051,invoice,muestra_1172
795,invoice,76
2693,invoice,muestra_475
3060,invoice,muestra_606
1597,invoice,muestra_3089
2604,invoice,muestra_467
2729,invoice,muestra_4783
2625,invoice,muestra_4689
1819,invoice,muestra_3642
3157,invoice,muestra_695
1722,invoice,muestra_341
1183,invoice,muestra_200
2572,invoice,muestra_4640
1059,invoice,muestra_118
540,invoice,302664437
3242,invoice,muestra_771
1678,invoice,muestra_3161
2796,invoice,muestra_487
3364,invoice,muestra_883
2532,invoice,muestra_4604
1757,invoice,muestra_3587
1923,invoice,muestra_402
95,invoice,1314385884
1020,invoice,muestra_1144
563,invoice,308906888
3312,invoice,muestra_836
2790,invoice,muestra_4838
863,invoice,muestra_10
1484,invoice,muestra_2988
2939,invoice,muestra_5070
1881,invoice,muestra_3983
1038,invoice,muestra_1160
206,invoice,165660557
392,invoice,243370295
2842,invoice,muestra_4983
870,invoice,muestra_1005
397,invoice,246
2814,invoice,muestra_4958
3353,invoice,muestra_873
3289,invoice,muestra_813
1028,invoice,muestra_1151
2690,invoice,muestra_4747
1485,invoice,muestra_2989
2660,invoice,muestra_472
960,invoice,muestra_1088
1570,invoice,muestra_3064
2773,invoice,muestra_4822
1895,invoice,muestra_3996
2731,invoice,muestra_4785
2146,invoice,muestra_4223
804,invoice,80
1751,invoice,muestra_3581
2454,invoice,muestra_4516
502,invoice,289585238
3119,invoice,muestra_66
3104,invoice,muestra_646
2977,invoice,muestra_530
779,invoice,702529006
1863,invoice,muestra_391
200,invoice,164
2182,invoice,muestra_4257
3099,invoice,muestra_641
2088,invoice,muestra_4171
3065,invoice,muestra_610
2278,invoice,muestra_4343
1796,invoice,muestra_3621
378,invoice,239
2336,invoice,muestra_4398
418,invoice,256
1698,invoice,muestra_32
391,invoice,243200280
2640,invoice,muestra_4701
1522,invoice,muestra_3020
1162,invoice,muestra_181
3134,invoice,muestra_673
1495,invoice,muestra_2998
2695,invoice,muestra_4751
2027,invoice,muestra_4115
1152,invoice,muestra_172
1367,invoice,muestra_2881
2568,invoice,muestra_4637
64,invoice,1203907150
2062,invoice,muestra_4148
1180,invoice,muestra_199
3112,invoice,muestra_653
492,invoice,285
379,invoice,239184781
2235,invoice,muestra_4304
763,invoice,65
2264,invoice,muestra_4330
791,invoice,748402907
1076,invoice,muestra_12
878,invoice,muestra_1012
337,invoice,221906315
2767,invoice,muestra_4817
2343,invoice,muestra_4403
1016,invoice,muestra_1140
1275,invoice,muestra_2384
455,invoice,272
3342,invoice,muestra_863
815,invoice,835746072
2317,invoice,muestra_4379
995,invoice,muestra_112
1981,invoice,muestra_4073
201,invoice,1648126412
161,invoice,151
1579,invoice,muestra_3072
2777,invoice,muestra_4826
2449,invoice,muestra_4510
702,invoice,43
1500,invoice,muestra_3000
1129,invoice,muestra_15
2613,invoice,muestra_4678
1021,invoice,muestra_1145
3073,invoice,muestra_618
1585,invoice,muestra_3078
1955,invoice,muestra_4049
3152,invoice,muestra_690
2253,invoice,muestra_4320
34,invoice,11
775,invoice,694199001
2556,invoice,muestra_4626
1478,invoice,muestra_2982
3003,invoice,muestra_554
1390,invoice,muestra_2901
2139,invoice,muestra_4217
1363,invoice,muestra_2878
2945,invoice,muestra_5077
2612,invoice,muestra_4677
3417,invoice,muestra_930
2824,invoice,muestra_4967
2041,invoice,muestra_4128
241,invoice,1809712407
2061,invoice,muestra_4147
2363,invoice,muestra_4421
600,invoice,326405651
2435,invoice,muestra_4496
1297,invoice,muestra_247
2214,invoice,muestra_4286
2888,invoice,muestra_5024
2068,invoice,muestra_4153
646,invoice,349155362
3202,invoice,muestra_735
1528,invoice,muestra_3026
2879,invoice,muestra_5016
1267,invoice,muestra_2352
1899,invoice,muestra_4
562,invoice,308828073
3450,invoice,muestra_960
2734,invoice,muestra_4788
3005,invoice,muestra_556
189,invoice,161
1806,invoice,muestra_3630
975,invoice,muestra_1101
2747,invoice,muestra_48
2047,invoice,muestra_4133
2558,invoice,muestra_4628
1082,invoice,muestra_125
474,invoice,279928612
2904,invoice,muestra_5039
747,invoice,592226245
2300,invoice,muestra_4363
21,invoice,105011284
3385,invoice,muestra_901
459,invoice,273120181
1184,invoice,muestra_201
2324,invoice,muestra_4385
955,invoice,muestra_1083
1215,invoice,muestra_225
2433,invoice,muestra_4492
2853,invoice,muestra_4993
1515,invoice,muestra_3014
2391,invoice,muestra_4447
769,invoice,669222527
3380,invoice,muestra_898
1685,invoice,muestra_3168
130,invoice,141
2919,invoice,muestra_5052
3171,invoice,muestra_707
3444,invoice,muestra_955
2135,invoice,muestra_4213
1482,invoice,muestra_2986
330,invoice,218
1238,invoice,muestra_2326
466,invoice,275817912
2169,invoice,muestra_4244
1638,invoice,muestra_3125
3092,invoice,muestra_635
1095,invoice,muestra_1347
1130,invoice,muestra_150
1294,invoice,muestra_244
860,invoice,996637243
3174,invoice,muestra_71
